
{
   "allowSleep" : true,
   "autoClearForces" : true,
   "body" : 
   [
      
      {
         "angle" : -0.2066168189048767,
         "angularVelocity" : 0,
         "awake" : true,
         "fixture" : 
         [
            
            {
               "density" : 1,
               "friction" : 0.9499999880790710,
               "name" : "fixture5",
               "polygon" : 
               {
                  "vertices" : 
                  {
                     "x" : 
                     [
                        3.725131511688232,
                        3.662322998046875,
                        3.506927251815796,
                        2.789166450500488,
                        3.004746198654175,
                        3.485477447509766,
                        3.684266567230225
                     ],
                     "y" : 
                     [
                        0.337402343750,
                        0.5970065593719482,
                        0.8078287839889526,
                        0.7685862779617310,
                        0.3206902742385864,
                        -0.01077926158905029,
                        0.05187100172042847
                     ]
                  }
               }
            },
            
            {
               "density" : 1,
               "friction" : 0.9499999880790710,
               "name" : "fixture5",
               "polygon" : 
               {
                  "vertices" : 
                  {
                     "x" : [ 3.004746198654175, 2.789166450500488, 2.384849071502686 ],
                     "y" : [ 0.3206902742385864, 0.7685862779617310, 0.1949510574340820 ]
                  }
               }
            },
            
            {
               "density" : 1,
               "friction" : 0.9499999880790710,
               "name" : "fixture5",
               "polygon" : 
               {
                  "vertices" : 
                  {
                     "x" : 
                     [
                        2.789166450500488,
                        1.697105050086975,
                        2.053514957427979,
                        2.384849071502686
                     ],
                     "y" : 
                     [
                        0.7685862779617310,
                        0.6131191253662109,
                        -0.1710853129625320,
                        0.1949510574340820
                     ]
                  }
               }
            },
            
            {
               "density" : 1,
               "friction" : 0.9499999880790710,
               "name" : "fixture5",
               "polygon" : 
               {
                  "vertices" : 
                  {
                     "x" : 
                     [
                        2.053514957427979,
                        1.697105050086975,
                        -0.1263250112533569,
                        -1.373046040534973,
                        -1.049019336700439,
                        1.830108880996704
                     ],
                     "y" : 
                     [
                        -0.1710853129625320,
                        0.6131191253662109,
                        0.3170486092567444,
                        -0.6411791443824768,
                        -1.018474459648132,
                        -0.5602931380271912
                     ]
                  }
               }
            },
            
            {
               "density" : 1,
               "friction" : 0.9499999880790710,
               "name" : "fixture5",
               "polygon" : 
               {
                  "vertices" : 
                  {
                     "x" : 
                     [
                        1.697105050086975,
                        0.9432440400123596,
                        0.01356445252895355,
                        -0.1117083802819252,
                        -0.1263250112533569
                     ],
                     "y" : 
                     [
                        0.6131191253662109,
                        1.256625533103943,
                        1.137293577194214,
                        0.9641593694686890,
                        0.3170486092567444
                     ]
                  }
               }
            },
            
            {
               "density" : 1,
               "friction" : 0.9499999880790710,
               "name" : "fixture5",
               "polygon" : 
               {
                  "vertices" : 
                  {
                     "x" : [ -0.1263250112533569, -1.944979071617126, -1.373046040534973 ],
                     "y" : [ 0.3170486092567444, -0.4177888631820679, -0.6411791443824768 ]
                  }
               }
            },
            
            {
               "density" : 1,
               "friction" : 0.9499999880790710,
               "name" : "fixture5",
               "polygon" : 
               {
                  "vertices" : 
                  {
                     "x" : 
                     [
                        -0.1263250112533569,
                        -3.663178443908691,
                        -2.484306097030640,
                        -1.944979071617126
                     ],
                     "y" : 
                     [
                        0.3170486092567444,
                        -0.2037534117698669,
                        -0.5997381210327148,
                        -0.4177888631820679
                     ]
                  }
               }
            },
            
            {
               "density" : 1,
               "friction" : 0.9499999880790710,
               "name" : "fixture5",
               "polygon" : 
               {
                  "vertices" : 
                  {
                     "x" : 
                     [
                        -2.484306097030640,
                        -3.663178443908691,
                        -3.749684810638428,
                        -3.686756610870361,
                        -3.498699903488159,
                        -2.842218875885010
                     ],
                     "y" : 
                     [
                        -0.5997381210327148,
                        -0.2037534117698669,
                        -0.5893636941909790,
                        -1.061769008636475,
                        -1.238900303840637,
                        -0.9897404909133911
                     ]
                  }
               }
            },
            
            {
               "density" : 1,
               "friction" : 0.9499999880790710,
               "name" : "fixture5",
               "polygon" : 
               {
                  "vertices" : 
                  {
                     "x" : [ -2.842218875885010, -3.498699903488159, -2.842383384704590 ],
                     "y" : [ -0.9897404909133911, -1.238900303840637, -1.176795005798340 ]
                  }
               }
            }
         ],
         "linearVelocity" : 0,
         "massData-I" : 29.55292510986328,
         "massData-center" : 
         {
            "x" : 0.004717697389423847,
            "y" : -0.03958015888929367
         },
         "massData-mass" : 7.879158020019531,
         "name" : "dynamicbody4",
         "position" : 
         {
            "x" : -8.799137115478516,
            "y" : 3.060269117355347
         },
         "type" : 2
      },
      
      {
         "angle" : -0.04643380641937256,
         "angularVelocity" : 0,
         "awake" : true,
         "fixture" : 
         [
            
            {
               "circle" : 
               {
                  "center" : 0,
                  "radius" : 0.8716201186180115
               },
               "density" : 1,
               "friction" : 0.9499999880790710,
               "name" : "fixture4"
            }
         ],
         "linearVelocity" : 0,
         "massData-I" : 0.9066275358200073,
         "massData-mass" : 2.386736154556274,
         "name" : "truckwheel",
         "position" : 
         {
            "x" : -11.01361942291260,
            "y" : 1.869004487991333
         },
         "type" : 2
      },
      
      {
         "angle" : -0.3828678131103516,
         "angularVelocity" : 0,
         "awake" : true,
         "fixture" : 
         [
            
            {
               "density" : 1,
               "friction" : 0.2,
               "name" : "fixture0",
               "polygon" : 
               {
                  "vertices" : 
                  {
                     "x" : 
                     [
                        0.2652373909950256,
                        0.2652371823787689,
                        -0.2652369141578674,
                        -0.2652374804019928
                     ],
                     "y" : 
                     [
                        -0.2652373909950256,
                        0.2652378976345062,
                        0.2652374505996704,
                        -0.2652371823787689
                     ]
                  }
               }
            }
         ],
         "linearVelocity" : 0,
         "massData-I" : 0.01319798175245523,
         "massData-center" : 
         {
            "x" : 1.075743583101030e-07,
            "y" : 1.308333850147392e-07
         },
         "massData-mass" : 0.2814034223556519,
         "name" : "dynamicbody0",
         "position" : 
         {
            "x" : -2.689970970153809,
            "y" : -1.139963865280151
         },
         "type" : 2
      },
      
      {
         "angle" : -0.3828678131103516,
         "angularVelocity" : 0,
         "awake" : true,
         "fixture" : 
         [
            
            {
               "density" : 1,
               "friction" : 0.2,
               "name" : "fixture0",
               "polygon" : 
               {
                  "vertices" : 
                  {
                     "x" : 
                     [
                        0.4125536382198334,
                        0.4125533998012543,
                        -0.4125528037548065,
                        -0.4125534296035767
                     ],
                     "y" : 
                     [
                        -0.4125534892082214,
                        0.4125545024871826,
                        0.4125536382198334,
                        -0.4125528633594513
                     ]
                  }
               }
            }
         ],
         "linearVelocity" : 0,
         "massData-I" : 0.07724843919277191,
         "massData-center" : 
         {
            "x" : 3.151070302465087e-07,
            "y" : 3.758999014280562e-07
         },
         "massData-mass" : 0.6808015108108521,
         "name" : "dynamicbody0",
         "position" : 
         {
            "x" : -1.869452834129333,
            "y" : -1.293725490570068
         },
         "type" : 2
      },
      
      {
         "angle" : -0.2121577858924866,
         "angularVelocity" : 0,
         "awake" : true,
         "fixture" : 
         [
            
            {
               "density" : 1,
               "friction" : 0.2,
               "name" : "fixture0",
               "polygon" : 
               {
                  "vertices" : 
                  {
                     "x" : 
                     [
                        0.5105615854263306,
                        0.5105612277984619,
                        -0.5105606317520142,
                        -0.5105613470077515
                     ],
                     "y" : 
                     [
                        -0.5105612874031067,
                        0.5105625391006470,
                        0.5105613470077515,
                        -0.5105606317520142
                     ]
                  }
               }
            }
         ],
         "linearVelocity" : 0,
         "massData-I" : 0.1812009215354919,
         "massData-center" : 
         {
            "x" : 3.459496440427756e-07,
            "y" : 4.202830723443185e-07
         },
         "massData-mass" : 1.042691469192505,
         "name" : "dynamicbody0",
         "position" : 
         {
            "x" : 5.887229919433594,
            "y" : 12.98122692108154
         },
         "type" : 2
      },
      
      {
         "angle" : -0.06085366010665894,
         "angularVelocity" : 0,
         "awake" : true,
         "fixture" : 
         [
            
            {
               "density" : 1,
               "friction" : 0.2,
               "name" : "fixture0",
               "polygon" : 
               {
                  "vertices" : 
                  {
                     "x" : 
                     [
                        0.4972175657749176,
                        -0.4972168803215027,
                        -0.4972175657749176,
                        0.4972168803215027
                     ],
                     "y" : 
                     [
                        0.4972164928913116,
                        0.4972161054611206,
                        -0.4972164928913116,
                        -0.4972161054611206
                     ]
                  }
               }
            }
         ],
         "linearVelocity" : 0,
         "massData-I" : 0.1629865616559982,
         "massData-center" : 
         {
            "x" : 0,
            "y" : -5.301632022280955e-09
         },
         "massData-mass" : 0.9888980388641357,
         "name" : "dynamicbody0",
         "position" : 
         {
            "x" : -9.619158744812012,
            "y" : 5.24044656753540
         },
         "type" : 2
      },
      
      {
         "angle" : -0.06085366010665894,
         "angularVelocity" : 0,
         "awake" : true,
         "fixture" : 
         [
            
            {
               "density" : 1,
               "friction" : 0.2,
               "name" : "fixture0",
               "polygon" : 
               {
                  "vertices" : 
                  {
                     "x" : 
                     [
                        0.4972184896469116,
                        -0.4972158968448639,
                        -0.4972166419029236,
                        0.4972158968448639
                     ],
                     "y" : 
                     [
                        0.4972170293331146,
                        0.4972156882286072,
                        -0.4972159564495087,
                        -0.4972156882286072
                     ]
                  }
               }
            }
         ],
         "linearVelocity" : 0,
         "massData-I" : 0.1629860997200012,
         "massData-center" : 
         {
            "x" : 5.523468757928640e-07,
            "y" : 4.107021709387482e-07
         },
         "massData-mass" : 0.9888967275619507,
         "name" : "dynamicbody0",
         "position" : 
         {
            "x" : -10.45170974731445,
            "y" : 4.052402973175049
         },
         "type" : 2
      },
      
      {
         "angle" : -0.06085366010665894,
         "angularVelocity" : 0,
         "awake" : true,
         "fixture" : 
         [
            
            {
               "density" : 1,
               "friction" : 0.2,
               "name" : "fixture0",
               "polygon" : 
               {
                  "vertices" : 
                  {
                     "x" : 
                     [
                        0.4972175359725952,
                        -0.4972168505191803,
                        -0.4972166121006012,
                        0.4972159266471863
                     ],
                     "y" : 
                     [
                        0.4972169697284698,
                        0.4972156286239624,
                        -0.4972164332866669,
                        -0.4972161650657654
                     ]
                  }
               }
            }
         ],
         "linearVelocity" : 0,
         "massData-I" : 0.1629862338304520,
         "massData-center" : 
         {
            "x" : 9.041079351845838e-08,
            "y" : 1.500154667155584e-07
         },
         "massData-mass" : 0.9888970255851746,
         "name" : "dynamicbody0",
         "position" : 
         {
            "x" : -9.364974975585938,
            "y" : 3.960306167602539
         },
         "type" : 2
      },
      
      {
         "angle" : -0.04643380641937256,
         "angularVelocity" : 0,
         "awake" : true,
         "fixture" : 
         [
            
            {
               "circle" : 
               {
                  "center" : 
                  {
                     "x" : 9.360463764096494e-07,
                     "y" : 4.015092258669029e-07
                  },
                  "radius" : 0.8716201186180115
               },
               "density" : 1,
               "friction" : 0.9499999880790710,
               "name" : "fixture4"
            }
         ],
         "linearVelocity" : 0,
         "massData-I" : 0.9066275358200073,
         "massData-center" : 
         {
            "x" : 9.360463764096494e-07,
            "y" : 4.015092258669029e-07
         },
         "massData-mass" : 2.386736154556274,
         "name" : "truckwheel",
         "position" : 
         {
            "x" : -6.177175521850586,
            "y" : 1.682068347930908
         },
         "type" : 2
      },
      
      {
         "angle" : 0,
         "angularVelocity" : 0,
         "awake" : true,
         "fixture" : 
         [
            
            {
               "density" : 1,
               "friction" : 0.2,
               "name" : "fixture2",
               "polygon" : 
               {
                  "vertices" : 
                  {
                     "x" : 
                     [
                        23.10747718811035,
                        22.98197555541992,
                        16.41199874877930,
                        13.82428359985352,
                        11.03765201568604,
                        10.80151748657227,
                        10.71485424041748
                     ],
                     "y" : 
                     [
                        -1.151203274726868,
                        0.7626669406890869,
                        3.215059041976929,
                        3.907101631164551,
                        3.538589477539062,
                        2.438292503356934,
                        -1.281566143035889
                     ]
                  }
               }
            },
            
            {
               "density" : 1,
               "friction" : 0.2,
               "name" : "fixture1",
               "polygon" : 
               {
                  "vertices" : 
                  {
                     "x" : 
                     [
                        -7.627578735351562,
                        -12.05359458923340,
                        -16.23435211181641,
                        -17.73545265197754,
                        -14.92709541320801,
                        -8.635688781738281
                     ],
                     "y" : 
                     [
                        12.91660118103027,
                        13.44057369232178,
                        13.56484603881836,
                        13.38987922668457,
                        11.81008148193359,
                        11.45563697814941
                     ]
                  }
               }
            },
            
            {
               "density" : 1,
               "friction" : 0.2,
               "name" : "fixture1",
               "polygon" : 
               {
                  "vertices" : 
                  {
                     "x" : 
                     [
                        -2.921093463897705,
                        -4.624396324157715,
                        -7.627578735351562,
                        -8.635688781738281
                     ],
                     "y" : 
                     [
                        8.645009994506836,
                        11.28892230987549,
                        12.91660118103027,
                        11.45563697814941
                     ]
                  }
               }
            },
            
            {
               "density" : 1,
               "friction" : 0.2,
               "name" : "fixture1",
               "polygon" : 
               {
                  "vertices" : 
                  {
                     "x" : 
                     [
                        -14.92709541320801,
                        -17.73545265197754,
                        -20.78437805175781,
                        -21.28495788574219
                     ],
                     "y" : 
                     [
                        11.81008148193359,
                        13.38987922668457,
                        13.12518501281738,
                        11.67716503143311
                     ]
                  }
               }
            },
            
            {
               "density" : 1,
               "friction" : 0.2,
               "name" : "fixture1",
               "polygon" : 
               {
                  "vertices" : 
                  {
                     "x" : 
                     [
                        -16.23435211181641,
                        -16.23435211181641,
                        -17.78711509704590,
                        -17.73545265197754
                     ],
                     "y" : 
                     [
                        13.56484603881836,
                        14.50433254241943,
                        14.30860710144043,
                        13.38987922668457
                     ]
                  }
               }
            },
            
            {
               "density" : 1,
               "friction" : 0.2,
               "name" : "fixture1",
               "polygon" : 
               {
                  "vertices" : 
                  {
                     "x" : 
                     [
                        -1.566734790802002,
                        -2.217266559600830,
                        -4.624396324157715,
                        -2.921093463897705
                     ],
                     "y" : 
                     [
                        9.445973396301270,
                        10.30314540863037,
                        11.28892230987549,
                        8.645009994506836
                     ]
                  }
               }
            },
            
            {
               "density" : 1,
               "friction" : 0.2,
               "name" : "fixture1",
               "polygon" : 
               {
                  "vertices" : 
                  {
                     "x" : 
                     [
                        -0.5437382459640503,
                        -1.598290324211121,
                        -2.263116598129272,
                        -2.217266559600830,
                        -1.566734790802002
                     ],
                     "y" : 
                     [
                        10.05097007751465,
                        11.44939804077148,
                        11.22014713287354,
                        10.30314540863037,
                        9.445973396301270
                     ]
                  }
               }
            },
            
            {
               "density" : 1,
               "friction" : 0.2,
               "name" : "fixture1",
               "polygon" : 
               {
                  "vertices" : 
                  {
                     "x" : 
                     [
                        -0.5437382459640503,
                        -0.7271386384963989,
                        -1.552440166473389,
                        -1.598290324211121
                     ],
                     "y" : 
                     [
                        10.05097007751465,
                        12.02252483367920,
                        11.86204910278320,
                        11.44939804077148
                     ]
                  }
               }
            },
            
            {
               "density" : 1,
               "friction" : 0.2,
               "name" : "fixture1",
               "polygon" : 
               {
                  "vertices" : 
                  {
                     "x" : 
                     [
                        5.206276416778564,
                        2.321938276290894,
                        -0.5437382459640503,
                        -2.921093463897705,
                        3.570522785186768,
                        5.088548660278320
                     ],
                     "y" : 
                     [
                        9.801849365234375,
                        10.11579036712646,
                        10.05097007751465,
                        8.645009994506836,
                        5.452218532562256,
                        8.683432579040527
                     ]
                  }
               }
            },
            
            {
               "density" : 1,
               "friction" : 0.2,
               "name" : "fixture1",
               "polygon" : 
               {
                  "vertices" : 
                  {
                     "x" : 
                     [
                        8.709979057312012,
                        8.483039855957031,
                        5.088548660278320,
                        3.570522785186768
                     ],
                     "y" : 
                     [
                        6.559860229492188,
                        8.369491577148438,
                        8.683432579040527,
                        5.452218532562256
                     ]
                  }
               }
            },
            
            {
               "density" : 1,
               "friction" : 0.2,
               "name" : "fixture1",
               "polygon" : 
               {
                  "vertices" : 
                  {
                     "x" : 
                     [
                        14.20388221740723,
                        12.07374572753906,
                        8.483039855957031,
                        8.709979057312012
                     ],
                     "y" : 
                     [
                        6.493401527404785,
                        8.408734321594238,
                        8.369491577148438,
                        6.559860229492188
                     ]
                  }
               }
            },
            
            {
               "density" : 1,
               "friction" : 0.2,
               "name" : "fixture1",
               "polygon" : 
               {
                  "vertices" : 
                  {
                     "x" : 
                     [
                        15.13430118560791,
                        12.83897781372070,
                        12.07374572753906,
                        14.20388221740723
                     ],
                     "y" : 
                     [
                        7.711807727813721,
                        9.232830047607422,
                        8.408734321594238,
                        6.493401527404785
                     ]
                  }
               }
            },
            
            {
               "density" : 1,
               "friction" : 0.2,
               "name" : "fixture1",
               "polygon" : 
               {
                  "vertices" : 
                  {
                     "x" : 
                     [
                        15.13430118560791,
                        14.53617477416992,
                        12.66238594055176,
                        12.83897781372070
                     ],
                     "y" : 
                     [
                        7.711807727813721,
                        11.69931793212891,
                        12.25451755523682,
                        9.232830047607422
                     ]
                  }
               }
            },
            
            {
               "density" : 1,
               "friction" : 0.2,
               "name" : "fixture1",
               "polygon" : 
               {
                  "vertices" : 
                  {
                     "x" : 
                     [
                        17.52680778503418,
                        14.66376304626465,
                        13.38837432861328,
                        9.581833839416504,
                        11.19078540802002,
                        12.66238594055176,
                        14.53617477416992
                     ],
                     "y" : 
                     [
                        14.40196418762207,
                        17.65038871765137,
                        18.12129974365234,
                        17.65038871765137,
                        13.56914710998535,
                        12.25451755523682,
                        11.69931793212891
                     ]
                  }
               }
            },
            
            {
               "density" : 1,
               "friction" : 0.2,
               "name" : "fixture1",
               "polygon" : 
               {
                  "vertices" : 
                  {
                     "x" : [ 11.19078540802002, 9.581833839416504, 8.541903495788574 ],
                     "y" : [ 13.56914710998535, 17.65038871765137, 14.09892463684082 ]
                  }
               }
            },
            
            {
               "density" : 1,
               "friction" : 0.2,
               "name" : "fixture1",
               "polygon" : 
               {
                  "vertices" : 
                  {
                     "x" : 
                     [
                        0.6148791909217834,
                        -2.347943782806396,
                        -1.347254872322083,
                        -0.4446732401847839,
                        0.3205590844154358
                     ],
                     "y" : 
                     [
                        21.79049110412598,
                        21.14298629760742,
                        20.45623970031738,
                        20.26002502441406,
                        20.78980255126953
                     ]
                  }
               }
            },
            
            {
               "density" : 1,
               "friction" : 0.2,
               "name" : "fixture1",
               "polygon" : 
               {
                  "vertices" : 
                  {
                     "x" : [ -1.347254872322083, -2.347943782806396, -2.190973281860352 ],
                     "y" : [ 20.45623970031738, 21.14298629760742, 20.57396697998047 ]
                  }
               }
            },
            
            {
               "density" : 1,
               "friction" : 0.2,
               "name" : "fixture1",
               "polygon" : 
               {
                  "vertices" : 
                  {
                     "x" : 
                     [
                        4.068235874176025,
                        0.6148791909217834,
                        0.3205590844154358,
                        2.459285974502563
                     ],
                     "y" : 
                     [
                        21.88859748840332,
                        21.79049110412598,
                        20.78980255126953,
                        20.08343505859375
                     ]
                  }
               }
            },
            
            {
               "density" : 1,
               "friction" : 0.2,
               "name" : "fixture1",
               "polygon" : 
               {
                  "vertices" : 
                  {
                     "x" : 
                     [
                        -0.4446732401847839,
                        -1.347254872322083,
                        -1.229525089263916,
                        -0.5231585502624512
                     ],
                     "y" : 
                     [
                        20.26002502441406,
                        20.45623970031738,
                        18.16054153442383,
                        19.27895927429199
                     ]
                  }
               }
            },
            
            {
               "density" : 1,
               "friction" : 0.2,
               "name" : "fixture1",
               "polygon" : 
               {
                  "vertices" : 
                  {
                     "x" : 
                     [
                        -0.3465664982795715,
                        -0.5231585502624512,
                        -1.229525089263916,
                        -0.6408848762512207
                     ],
                     "y" : 
                     [
                        17.76811599731445,
                        19.27895927429199,
                        18.16054153442383,
                        17.04212570190430
                     ]
                  }
               }
            },
            
            {
               "density" : 1,
               "friction" : 0.2,
               "name" : "fixture1",
               "polygon" : 
               {
                  "vertices" : 
                  {
                     "x" : 
                     [
                        1.870645761489868,
                        -0.3465664982795715,
                        -0.6408848762512207,
                        0.6345028281211853
                     ],
                     "y" : 
                     [
                        17.39530944824219,
                        17.76811599731445,
                        17.04212570190430,
                        16.33575630187988
                     ]
                  }
               }
            },
            
            {
               "density" : 1,
               "friction" : 0.2,
               "name" : "fixture1",
               "polygon" : 
               {
                  "vertices" : 
                  {
                     "x" : 
                     [
                        3.459974288940430,
                        1.870645761489868,
                        0.6345028281211853,
                        3.244142055511475
                     ],
                     "y" : 
                     [
                        17.72887229919434,
                        17.39530944824219,
                        16.33575630187988,
                        15.43317508697510
                     ]
                  }
               }
            },
            
            {
               "density" : 1,
               "friction" : 0.2,
               "name" : "fixture1",
               "polygon" : 
               {
                  "vertices" : 
                  {
                     "x" : 
                     [
                        8.541903495788574,
                        8.522281646728516,
                        7.443108081817627,
                        6.226584434509277,
                        4.853089332580566,
                        3.459974288940430,
                        5.284761428833008
                     ],
                     "y" : 
                     [
                        14.09892463684082,
                        17.65038871765137,
                        19.51441574096680,
                        19.73024940490723,
                        19.08274459838867,
                        17.72887229919434,
                        15.90408706665039
                     ]
                  }
               }
            },
            
            {
               "density" : 1,
               "friction" : 0.2,
               "name" : "fixture1",
               "polygon" : 
               {
                  "vertices" : 
                  {
                     "x" : 
                     [
                        5.284761428833008,
                        3.459974288940430,
                        3.244142055511475,
                        4.499907493591309
                     ],
                     "y" : 
                     [
                        15.90408706665039,
                        17.72887229919434,
                        15.43317508697510,
                        15.53128242492676
                     ]
                  }
               }
            },
            
            {
               "density" : 1,
               "friction" : 0.2,
               "name" : "fixture1",
               "polygon" : 
               {
                  "vertices" : 
                  {
                     "x" : 
                     [
                        4.499907493591309,
                        3.244142055511475,
                        3.361869335174561,
                        4.205586910247803
                     ],
                     "y" : 
                     [
                        15.53128242492676,
                        15.43317508697510,
                        11.58739185333252,
                        11.58739185333252
                     ]
                  }
               }
            },
            
            {
               "density" : 1,
               "friction" : 0.2,
               "name" : "fixture1",
               "polygon" : 
               {
                  "vertices" : 
                  {
                     "x" : [ 9.581833839416504, 8.522281646728516, 8.541903495788574 ],
                     "y" : [ 17.65038871765137, 17.65038871765137, 14.09892463684082 ]
                  }
               }
            },
            
            {
               "density" : 1,
               "friction" : 0.2,
               "name" : "fixture1",
               "polygon" : 
               {
                  "vertices" : 
                  {
                     "x" : 
                     [
                        12.97632598876953,
                        11.89715290069580,
                        10.24896049499512,
                        10.30782413482666,
                        12.83897686004639
                     ],
                     "y" : 
                     [
                        20.20116424560547,
                        21.14298629760742,
                        20.65245437622070,
                        19.37706756591797,
                        18.96501922607422
                     ]
                  }
               }
            },
            
            {
               "density" : 1,
               "friction" : 0.2,
               "name" : "fixture1",
               "polygon" : 
               {
                  "vertices" : 
                  {
                     "x" : [ 13.85928821563721, 11.89715290069580, 12.97632598876953 ],
                     "y" : [ 20.82904624938965, 21.14298629760742, 20.20116424560547 ]
                  }
               }
            },
            
            {
               "density" : 1,
               "friction" : 0.2,
               "name" : "fixture1",
               "polygon" : 
               {
                  "vertices" : 
                  {
                     "x" : 
                     [
                        13.38837432861328,
                        12.83897686004639,
                        10.30782413482666,
                        9.581833839416504
                     ],
                     "y" : 
                     [
                        18.12129974365234,
                        18.96501922607422,
                        19.37706756591797,
                        17.65038871765137
                     ]
                  }
               }
            },
            
            {
               "density" : 1,
               "friction" : 0.2,
               "name" : "fixture1",
               "polygon" : 
               {
                  "vertices" : 
                  {
                     "x" : 
                     [
                        22.04598617553711,
                        20.80524444580078,
                        15.91952800750732,
                        14.66376304626465,
                        17.52680778503418
                     ],
                     "y" : 
                     [
                        15.86405086517334,
                        18.96501922607422,
                        18.49410629272461,
                        17.65038871765137,
                        14.40196418762207
                     ]
                  }
               }
            },
            
            {
               "density" : 1,
               "friction" : 0.2,
               "name" : "fixture2",
               "polygon" : 
               {
                  "vertices" : 
                  {
                     "x" : 
                     [
                        -4.900555133819580,
                        -9.735245704650879,
                        -13.02395915985107,
                        -12.96774196624756,
                        -11.81318855285645
                     ],
                     "y" : 
                     [
                        3.693776130676270,
                        4.199731826782227,
                        4.424601554870605,
                        3.426743507385254,
                        2.775820732116699
                     ]
                  }
               }
            },
            
            {
               "density" : 1,
               "friction" : 0.2,
               "name" : "fixture2",
               "polygon" : 
               {
                  "vertices" : 
                  {
                     "x" : 
                     [
                        -12.96774196624756,
                        -13.02395915985107,
                        -15.35697841644287,
                        -15.31481552124023
                     ],
                     "y" : 
                     [
                        3.426743507385254,
                        4.424601554870605,
                        3.721884727478027,
                        3.328363418579102
                     ]
                  }
               }
            },
            
            {
               "density" : 1,
               "friction" : 0.2,
               "name" : "fixture2",
               "polygon" : 
               {
                  "vertices" : 
                  {
                     "x" : 
                     [
                        -4.900555133819580,
                        -4.914609432220459,
                        -7.584932327270508,
                        -9.960115432739258,
                        -9.735245704650879
                     ],
                     "y" : 
                     [
                        3.693776130676270,
                        5.113263130187988,
                        5.773817062377930,
                        5.141372203826904,
                        4.199731826782227
                     ]
                  }
               }
            },
            
            {
               "density" : 1,
               "friction" : 0.2,
               "name" : "fixture2",
               "polygon" : 
               {
                  "vertices" : 
                  {
                     "x" : 
                     [
                        8.324570655822754,
                        8.099700927734375,
                        -0.4031688570976257,
                        -4.900555133819580,
                        -11.81318855285645,
                        -11.76388549804688
                     ],
                     "y" : 
                     [
                        -1.309562683105469,
                        3.764050483703613,
                        3.735941886901855,
                        3.693776130676270,
                        2.775820732116699,
                        -1.313069343566895
                     ]
                  }
               }
            },
            
            {
               "density" : 1,
               "friction" : 0.2,
               "name" : "fixture2",
               "polygon" : 
               {
                  "vertices" : 
                  {
                     "x" : 
                     [
                        -13.77953720092773,
                        -15.34111309051514,
                        -17.86213684082031,
                        -21.39241218566895,
                        -21.43126106262207,
                        -13.95521450042725
                     ],
                     "y" : 
                     [
                        6.662715911865234,
                        6.994551181793213,
                        7.103437423706055,
                        5.9199218750,
                        4.300830841064453,
                        5.920967102050781
                     ]
                  }
               }
            },
            
            {
               "density" : 1,
               "friction" : 0.2,
               "name" : "fixture2",
               "polygon" : 
               {
                  "vertices" : 
                  {
                     "x" : 
                     [
                        19.12632560729980,
                        19.11615180969238,
                        16.15361404418945,
                        16.16470146179199,
                        16.44325828552246
                     ],
                     "y" : 
                     [
                        5.060184478759766,
                        9.762958526611328,
                        7.419323921203613,
                        7.010350227355957,
                        6.679276466369629
                     ]
                  }
               }
            }
         ],
         "linearVelocity" : 0,
         "name" : "dynamicbody1",
         "position" : 
         {
            "x" : 0.9646459221839905,
            "y" : -12.39392185211182
         },
         "type" : 0
      }
   ],
   "collisionbitplanes" : 
   {
      "names" : 
      [
         "bitplane1",
         "bitplane2",
         "bitplane3",
         "bitplane4",
         "bitplane5",
         "bitplane6",
         "bitplane7",
         "bitplane8",
         "bitplane9",
         "bitplane10",
         "bitplane11",
         "bitplane12",
         "bitplane13",
         "bitplane14",
         "bitplane15",
         "bitplane16",
         "bitplane17",
         "bitplane18",
         "bitplane19",
         "bitplane20",
         "bitplane21",
         "bitplane22",
         "bitplane23",
         "bitplane24",
         "bitplane25",
         "bitplane26",
         "bitplane27",
         "bitplane28",
         "bitplane29",
         "bitplane30",
         "bitplane31",
         "bitplane32"
      ]
   },
   "continuousPhysics" : true,
   "gravity" : 
   {
      "x" : 0,
      "y" : -10.0
   },
   "image" : 
   [
      
      {
         "body" : 1,
         "center" : 
         {
            "x" : 6.014398968545720e-05,
            "y" : 4.995095892468271e-08
         },
         "corners" : 
         {
            "x" : 
            [
               -0.8715599775314331,
               0.8716802597045898,
               0.8716802597045898,
               -0.8715599775314331
            ],
            "y" : 
            [
               -0.8716200590133667,
               -0.8716200590133667,
               0.8716201782226562,
               0.8716201782226562
            ]
         },
         "file" : "images/tire.png",
         "filter" : 1,
         "glDrawElements" : [ 0, 1, 2, 2, 3, 0 ],
         "glTexCoordPointer" : [ 0.0, 0.0, 1.0, 0.0, 1.0, 1.0, 0.0, 1.0 ],
         "glVertexPointer" : 
         [
            -0.8715599775314331,
            -0.8716200590133667,
            0.8716802597045898,
            -0.8716200590133667,
            0.8716802597045898,
            0.8716201782226562,
            -0.8715599775314331,
            0.8716201782226562
         ],
         "name" : "image0",
         "opacity" : 1,
         "scale" : 1.743240237236023
      },
      
      {
         "body" : 6,
         "center" : 0,
         "corners" : 
         {
            "x" : 
            [
               -0.4972165822982788,
               0.4972165822982788,
               0.4972165822982788,
               -0.4972165822982788
            ],
            "y" : 
            [
               -0.4972165822982788,
               -0.4972165822982788,
               0.4972165822982788,
               0.4972165822982788
            ]
         },
         "file" : "images/crate.png",
         "filter" : 1,
         "glDrawElements" : [ 0, 1, 2, 2, 3, 0 ],
         "glTexCoordPointer" : [ 0.0, 0.0, 1.0, 0.0, 1.0, 1.0, 0.0, 1.0 ],
         "glVertexPointer" : 
         [
            -0.4972165822982788,
            -0.4972165822982788,
            0.4972165822982788,
            -0.4972165822982788,
            0.4972165822982788,
            0.4972165822982788,
            -0.4972165822982788,
            0.4972165822982788
         ],
         "name" : "image3",
         "opacity" : 1,
         "scale" : 0.9944331645965576
      },
      
      {
         "body" : 0,
         "center" : 
         {
            "x" : 9.333901971331215e-07,
            "y" : 1.956461517238495e-07
         },
         "corners" : 
         {
            "x" : 
            [
               -3.800140857696533,
               3.800142765045166,
               3.800142765045166,
               -3.800140857696533
            ],
            "y" : 
            [
               -1.293381333351135,
               -1.293381333351135,
               1.293381810188293,
               1.293381810188293
            ]
         },
         "file" : "images/truck.png",
         "filter" : 1,
         "glDrawElements" : [ 0, 1, 2, 2, 3, 0 ],
         "glTexCoordPointer" : [ 0.0, 0.0, 1.0, 0.0, 1.0, 1.0, 0.0, 1.0 ],
         "glVertexPointer" : 
         [
            -3.800140857696533,
            -1.293381333351135,
            3.800142765045166,
            -1.293381333351135,
            3.800142765045166,
            1.293381810188293,
            -3.800140857696533,
            1.293381810188293
         ],
         "name" : "image2",
         "opacity" : 1,
         "scale" : 2.586763143539429
      },
      
      {
         "body" : 5,
         "center" : 
         {
            "x" : 2.899938067457697e-08,
            "y" : -4.759545220167638e-07
         },
         "corners" : 
         {
            "x" : 
            [
               -0.4972165524959564,
               0.4972166121006012,
               0.4972166121006012,
               -0.4972165524959564
            ],
            "y" : 
            [
               -0.4972170591354370,
               -0.4972170591354370,
               0.4972161054611206,
               0.4972161054611206
            ]
         },
         "file" : "images/crate.png",
         "filter" : 1,
         "glDrawElements" : [ 0, 1, 2, 2, 3, 0 ],
         "glTexCoordPointer" : [ 0.0, 0.0, 1.0, 0.0, 1.0, 1.0, 0.0, 1.0 ],
         "glVertexPointer" : 
         [
            -0.4972165524959564,
            -0.4972170591354370,
            0.4972166121006012,
            -0.4972170591354370,
            0.4972166121006012,
            0.4972161054611206,
            -0.4972165524959564,
            0.4972161054611206
         ],
         "name" : "image3",
         "opacity" : 1,
         "scale" : 0.9944331645965576
      },
      
      {
         "body" : 3,
         "center" : 0,
         "corners" : 
         {
            "x" : 
            [
               -0.4125531911849976,
               0.4125531911849976,
               0.4125531911849976,
               -0.4125531911849976
            ],
            "y" : 
            [
               -0.4125531911849976,
               -0.4125531911849976,
               0.4125531911849976,
               0.4125531911849976
            ]
         },
         "file" : "images/crate.png",
         "filter" : 1,
         "glDrawElements" : [ 0, 1, 2, 2, 3, 0 ],
         "glTexCoordPointer" : [ 0.0, 0.0, 1.0, 0.0, 1.0, 1.0, 0.0, 1.0 ],
         "glVertexPointer" : 
         [
            -0.4125531911849976,
            -0.4125531911849976,
            0.4125531911849976,
            -0.4125531911849976,
            0.4125531911849976,
            0.4125531911849976,
            -0.4125531911849976,
            0.4125531911849976
         ],
         "name" : "image3",
         "opacity" : 1,
         "scale" : 0.8251063823699951
      },
      
      {
         "body" : 7,
         "center" : 
         {
            "x" : 9.374093679070938e-07,
            "y" : 2.959760081466811e-07
         },
         "corners" : 
         {
            "x" : 
            [
               -0.4972156584262848,
               0.4972175061702728,
               0.4972175061702728,
               -0.4972156584262848
            ],
            "y" : 
            [
               -0.4972162842750549,
               -0.4972162842750549,
               0.4972168803215027,
               0.4972168803215027
            ]
         },
         "file" : "images/crate.png",
         "filter" : 1,
         "glDrawElements" : [ 0, 1, 2, 2, 3, 0 ],
         "glTexCoordPointer" : [ 0.0, 0.0, 1.0, 0.0, 1.0, 1.0, 0.0, 1.0 ],
         "glVertexPointer" : 
         [
            -0.4972156584262848,
            -0.4972162842750549,
            0.4972175061702728,
            -0.4972162842750549,
            0.4972175061702728,
            0.4972168803215027,
            -0.4972156584262848,
            0.4972168803215027
         ],
         "name" : "image3",
         "opacity" : 1,
         "scale" : 0.9944331645965576
      },
      
      {
         "body" : 8,
         "center" : 
         {
            "x" : 6.109110108809546e-05,
            "y" : 2.132985770231244e-07
         },
         "corners" : 
         {
            "x" : 
            [
               -0.8715590238571167,
               0.8716812133789062,
               0.8716812133789062,
               -0.8715590238571167
            ],
            "y" : 
            [
               -0.8716198801994324,
               -0.8716198801994324,
               0.8716203570365906,
               0.8716203570365906
            ]
         },
         "file" : "images/tire.png",
         "filter" : 1,
         "glDrawElements" : [ 0, 1, 2, 2, 3, 0 ],
         "glTexCoordPointer" : [ 0.0, 0.0, 1.0, 0.0, 1.0, 1.0, 0.0, 1.0 ],
         "glVertexPointer" : 
         [
            -0.8715590238571167,
            -0.8716198801994324,
            0.8716812133789062,
            -0.8716198801994324,
            0.8716812133789062,
            0.8716203570365906,
            -0.8715590238571167,
            0.8716203570365906
         ],
         "name" : "image0",
         "opacity" : 1,
         "scale" : 1.743240237236023
      },
      
      {
         "body" : 4,
         "center" : 0,
         "corners" : 
         {
            "x" : 
            [
               -0.5105608701705933,
               0.5105608701705933,
               0.5105608701705933,
               -0.5105608701705933
            ],
            "y" : 
            [
               -0.5105608701705933,
               -0.5105608701705933,
               0.5105608701705933,
               0.5105608701705933
            ]
         },
         "file" : "images/crate.png",
         "filter" : 1,
         "glDrawElements" : [ 0, 1, 2, 2, 3, 0 ],
         "glTexCoordPointer" : [ 0.0, 0.0, 1.0, 0.0, 1.0, 1.0, 0.0, 1.0 ],
         "glVertexPointer" : 
         [
            -0.5105608701705933,
            -0.5105608701705933,
            0.5105608701705933,
            -0.5105608701705933,
            0.5105608701705933,
            0.5105608701705933,
            -0.5105608701705933,
            0.5105608701705933
         ],
         "name" : "image3",
         "opacity" : 1,
         "scale" : 1.021121740341187
      },
      
      {
         "body" : -1,
         "center" : 0,
         "corners" : 
         {
            "x" : [ -18.0, 18.0, 18.0, -18.0 ],
            "y" : [ -10.0, -10.0, 10.0, 10.0 ]
         },
         "file" : "images/mcclory.png",
         "filter" : 1,
         "glDrawElements" : [ 0, 1, 2, 2, 3, 0 ],
         "glTexCoordPointer" : [ 0.0, 0.0, 1.0, 0.0, 1.0, 1.0, 0.0, 1.0 ],
         "glVertexPointer" : [ -18.0, -10.0, 18.0, -10.0, 18.0, 10.0, -18.0, 10.0 ],
         "name" : "image1",
         "opacity" : 1,
         "scale" : 20.0
      },
      
      {
         "body" : 2,
         "center" : 0,
         "corners" : 
         {
            "x" : 
            [
               -0.2652371525764465,
               0.2652371525764465,
               0.2652371525764465,
               -0.2652371525764465
            ],
            "y" : 
            [
               -0.2652371525764465,
               -0.2652371525764465,
               0.2652371525764465,
               0.2652371525764465
            ]
         },
         "file" : "images/crate.png",
         "filter" : 1,
         "glDrawElements" : [ 0, 1, 2, 2, 3, 0 ],
         "glTexCoordPointer" : [ 0.0, 0.0, 1.0, 0.0, 1.0, 1.0, 0.0, 1.0 ],
         "glVertexPointer" : 
         [
            -0.2652371525764465,
            -0.2652371525764465,
            0.2652371525764465,
            -0.2652371525764465,
            0.2652371525764465,
            0.2652371525764465,
            -0.2652371525764465,
            0.2652371525764465
         ],
         "name" : "image3",
         "opacity" : 1,
         "scale" : 0.5304743051528931
      }
   ],
   "joint" : 
   [
      
      {
         "anchorA" : 
         {
            "x" : -1.922996878623962,
            "y" : -1.620227336883545
         },
         "anchorB" : 0,
         "bodyA" : 0,
         "bodyB" : 1,
         "enableMotor" : false,
         "localAxisA" : 
         {
            "x" : -0.09606239944696426,
            "y" : 0.9953753352165222
         },
         "maxMotorTorque" : 0,
         "motorSpeed" : 0,
         "name" : "joint0",
         "springDampingRatio" : 0.6999999880790710,
         "springFrequency" : 4.0,
         "type" : "wheel"
      },
      
      {
         "anchorA" : 
         {
            "x" : 2.852151393890381,
            "y" : -0.8099688291549683
         },
         "anchorB" : 0,
         "bodyA" : 0,
         "bodyB" : 8,
         "enableMotor" : false,
         "localAxisA" : 
         {
            "x" : -0.1868411600589752,
            "y" : 0.9823901653289795
         },
         "maxMotorTorque" : 0,
         "motorSpeed" : 0,
         "name" : "joint0",
         "springDampingRatio" : 0.6999999880790710,
         "springFrequency" : 4.0,
         "type" : "wheel"
      }
   ],
   "positionIterations" : 3,
   "stepsPerSecond" : 60.0,
   "subStepping" : false,
   "velocityIterations" : 8,
   "warmStarting" : true
}
