
{
   "allowSleep" : true,
   "autoClearForces" : true,
   "body" : 
   [
      
      {
         "angle" : 0,
         "angularVelocity" : 0,
         "awake" : true,
         "fixture" : 
         [
            
            {
               "chain" : 
               {
                  "hasNextVertex" : true,
                  "hasPrevVertex" : true,
                  "nextVertex" : 
                  {
                     "x" : 4.268270969390869,
                     "y" : 0
                  },
                  "prevVertex" : 
                  {
                     "x" : -4.268270015716553,
                     "y" : 6.400000095367432
                  },
                  "vertices" : 
                  {
                     "x" : 
                     [
                        -4.268270969390869,
                        4.268270969390869,
                        4.268270015716553,
                        -4.268270015716553,
                        -4.268270969390869
                     ],
                     "y" : [ 0.0, 0.0, 6.400000095367432, 6.400000095367432, 0.0 ]
                  }
               },
               "filter-categoryBits" : 0,
               "filter-maskBits" : 0,
               "name" : "4x3 (iPad)",
               "sensor" : true
            },
            
            {
               "chain" : 
               {
                  "hasNextVertex" : true,
                  "hasPrevVertex" : true,
                  "nextVertex" : 
                  {
                     "x" : 5.683053970336914,
                     "y" : 0
                  },
                  "prevVertex" : 
                  {
                     "x" : -5.683050155639648,
                     "y" : 6.400000095367432
                  },
                  "vertices" : 
                  {
                     "x" : 
                     [
                        -5.683053970336914,
                        5.683053970336914,
                        5.683050155639648,
                        -5.683050155639648,
                        -5.683053970336914
                     ],
                     "y" : [ 0.0, 0.0, 6.400000095367432, 6.400000095367432, 0.0 ]
                  }
               },
               "filter-categoryBits" : 0,
               "filter-maskBits" : 0,
               "name" : "16x9 (iPhone5)",
               "sensor" : true
            },
            
            {
               "chain" : 
               {
                  "hasNextVertex" : true,
                  "hasPrevVertex" : true,
                  "nextVertex" : 
                  {
                     "x" : 4.802571296691895,
                     "y" : 0
                  },
                  "prevVertex" : 
                  {
                     "x" : -4.802569866180420,
                     "y" : 6.400000095367432
                  },
                  "vertices" : 
                  {
                     "x" : 
                     [
                        -4.802571296691895,
                        4.802571296691895,
                        4.802569866180420,
                        -4.802569866180420,
                        -4.802571296691895
                     ],
                     "y" : [ 0.0, 0.0, 6.400000095367432, 6.400000095367432, 0.0 ]
                  }
               },
               "filter-categoryBits" : 0,
               "filter-maskBits" : 0,
               "name" : "3x2 (iPhone)",
               "sensor" : true
            }
         ],
         "linearVelocity" : 0,
         "name" : "background",
         "position" : 0,
         "type" : 0
      },
      
      {
         "angle" : 0,
         "angularVelocity" : 0,
         "awake" : true,
         "fixture" : 
         [
            
            {
               "customProperties" : 
               [
                  
                  {
                     "name" : "sceneButton",
                     "string" : "ExamplesMenuLayer"
                  }
               ],
               "density" : 1,
               "friction" : 0.2,
               "name" : "fixture4",
               "polygon" : 
               {
                  "vertices" : 
                  {
                     "x" : 
                     [
                        0.6999999880790710,
                        0.6999999880790710,
                        -0.6999999880790710,
                        -0.6999999880790710
                     ],
                     "y" : 
                     [
                        -0.6999999880790710,
                        0.6999999880790710,
                        0.6999999880790710,
                        -0.6999999880790710
                     ]
                  }
               }
            }
         ],
         "linearVelocity" : 0,
         "name" : "button1",
         "position" : 
         {
            "x" : -2.504899024963379,
            "y" : 3.116471767425537
         },
         "type" : 0
      }
   ],
   "collisionbitplanes" : 
   {
      "names" : 
      [
         "bitplane1",
         "bitplane2",
         "bitplane3",
         "bitplane4",
         "bitplane5",
         "bitplane6",
         "bitplane7",
         "bitplane8",
         "bitplane9",
         "bitplane10",
         "bitplane11",
         "bitplane12",
         "bitplane13",
         "bitplane14",
         "bitplane15",
         "bitplane16",
         "bitplane17",
         "bitplane18",
         "bitplane19",
         "bitplane20",
         "bitplane21",
         "bitplane22",
         "bitplane23",
         "bitplane24",
         "bitplane25",
         "bitplane26",
         "bitplane27",
         "bitplane28",
         "bitplane29",
         "bitplane30",
         "bitplane31",
         "bitplane32"
      ]
   },
   "continuousPhysics" : true,
   "gravity" : 
   {
      "x" : 0,
      "y" : -10.0
   },
   "image" : 
   [
      
      {
         "body" : -1,
         "center" : 
         {
            "x" : -2.171770095825195,
            "y" : -1.152130007743835
         },
         "corners" : 
         {
            "x" : 
            [
               -2.871770143508911,
               -1.471770048141479,
               -1.471770048141479,
               -2.871770143508911
            ],
            "y" : 
            [
               -1.852129936218262,
               -1.852129936218262,
               -0.4521300196647644,
               -0.4521300196647644
            ]
         },
         "file" : "images/greencircle.png",
         "filter" : 1,
         "glDrawElements" : [ 0, 1, 2, 2, 3, 0 ],
         "glTexCoordPointer" : [ 0.0, 0.0, 1.0, 0.0, 1.0, 1.0, 0.0, 1.0 ],
         "glVertexPointer" : 
         [
            -2.871770143508911,
            -1.852129936218262,
            -1.471770048141479,
            -1.852129936218262,
            -1.471770048141479,
            -0.4521300196647644,
            -2.871770143508911,
            -0.4521300196647644
         ],
         "name" : "button1_hover",
         "opacity" : 1,
         "scale" : 1.399999976158142
      },
      
      {
         "body" : 1,
         "center" : 0,
         "corners" : 
         {
            "x" : 
            [
               -0.6999999880790710,
               0.6999999880790710,
               0.6999999880790710,
               -0.6999999880790710
            ],
            "y" : 
            [
               -0.6999999880790710,
               -0.6999999880790710,
               0.6999999880790710,
               0.6999999880790710
            ]
         },
         "file" : "images/redcircle.png",
         "filter" : 1,
         "glDrawElements" : [ 0, 1, 2, 2, 3, 0 ],
         "glTexCoordPointer" : [ 0.0, 0.0, 1.0, 0.0, 1.0, 1.0, 0.0, 1.0 ],
         "glVertexPointer" : 
         [
            -0.6999999880790710,
            -0.6999999880790710,
            0.6999999880790710,
            -0.6999999880790710,
            0.6999999880790710,
            0.6999999880790710,
            -0.6999999880790710,
            0.6999999880790710
         ],
         "name" : "button1",
         "opacity" : 1,
         "renderOrder" : 400.0,
         "scale" : 1.399999976158142
      }
   ],
   "positionIterations" : 3,
   "stepsPerSecond" : 60.0,
   "subStepping" : false,
   "velocityIterations" : 8,
   "warmStarting" : true
}
