
{
   "allowSleep" : true,
   "autoClearForces" : true,
   "body" : 
   [
      
      {
         "angle" : 0,
         "angularVelocity" : 0,
         "awake" : true,
         "fixture" : 
         [
            
            {
               "customProperties" : 
               [
                  
                  {
                     "name" : "sceneButton",
                     "string" : "ExamplesMenuLayer"
                  }
               ],
               "density" : 1,
               "friction" : 0.2,
               "name" : "fixture4",
               "polygon" : 
               {
                  "vertices" : 
                  {
                     "x" : 
                     [
                        0.4444365501403809,
                        0.4444365501403809,
                        -0.4444365501403809,
                        -0.4444365501403809
                     ],
                     "y" : 
                     [
                        -0.4444360733032227,
                        0.4444365501403809,
                        0.4444365501403809,
                        -0.4444360733032227
                     ]
                  }
               }
            }
         ],
         "linearVelocity" : 0,
         "name" : "backbutton",
         "position" : 
         {
            "x" : -3.662458896636963,
            "y" : 5.805851936340332
         },
         "type" : 0
      },
      
      {
         "angle" : 0,
         "angularDamping" : 10.0,
         "angularVelocity" : 0,
         "awake" : true,
         "fixture" : 
         [
            
            {
               "circle" : 
               {
                  "center" : 0,
                  "radius" : 1.354646801948547
               },
               "density" : 1,
               "friction" : 0.2,
               "name" : "fixture0"
            }
         ],
         "linearVelocity" : 0,
         "massData-I" : 5.289617061614990,
         "massData-mass" : 5.765036582946777,
         "name" : "dial",
         "position" : 
         {
            "x" : -2.0,
            "y" : 2.0
         },
         "type" : 2
      },
      
      {
         "angle" : 0,
         "angularDamping" : 10.0,
         "angularVelocity" : 0,
         "awake" : true,
         "fixture" : 
         [
            
            {
               "circle" : 
               {
                  "center" : 0,
                  "radius" : 0.7595368623733521
               },
               "density" : 1,
               "friction" : 0.2,
               "name" : "fixture0"
            }
         ],
         "linearVelocity" : 0,
         "massData-I" : 0.5227756500244141,
         "massData-mass" : 1.812373161315918,
         "name" : "dial3",
         "position" : 
         {
            "x" : 3.0,
            "y" : -1.0
         },
         "type" : 2
      },
      
      {
         "angle" : 0,
         "angularVelocity" : 0,
         "awake" : true,
         "fixture" : 
         [
            
            {
               "customProperties" : 
               [
                  
                  {
                     "name" : "selectorButton",
                     "string" : "toggleDrawer"
                  }
               ],
               "density" : 1,
               "friction" : 0.2,
               "name" : "fixture4",
               "polygon" : 
               {
                  "vertices" : 
                  {
                     "x" : 
                     [
                        0.3238904476165771,
                        0.3238904476165771,
                        -0.3238904476165771,
                        -0.3238904476165771
                     ],
                     "y" : 
                     [
                        -0.3221494257450104,
                        0.3221494257450104,
                        0.3221494257450104,
                        -0.3221494257450104
                     ]
                  }
               }
            }
         ],
         "linearVelocity" : 0,
         "name" : "drawer",
         "position" : 
         {
            "x" : 2.0,
            "y" : 0
         },
         "type" : 1
      },
      
      {
         "angle" : 0,
         "angularVelocity" : 0,
         "awake" : true,
         "fixture" : 
         [
            
            {
               "customProperties" : 
               [
                  
                  {
                     "name" : "selectorButton",
                     "string" : "toggleDrawer"
                  }
               ],
               "density" : 1,
               "friction" : 0.2,
               "name" : "fixture4",
               "polygon" : 
               {
                  "vertices" : 
                  {
                     "x" : 
                     [
                        0.6999999880790710,
                        0.6999999880790710,
                        -0.6999999880790710,
                        -0.6999999880790710
                     ],
                     "y" : 
                     [
                        -0.6999999880790710,
                        0.6999999880790710,
                        0.6999999880790710,
                        -0.6999999880790710
                     ]
                  }
               }
            }
         ],
         "linearVelocity" : 0,
         "name" : "button",
         "position" : 
         {
            "x" : 1.713988780975342,
            "y" : 3.065931797027588
         },
         "type" : 0
      },
      
      {
         "angle" : 0,
         "angularVelocity" : 0,
         "awake" : true,
         "fixture" : 
         [
            
            {
               "circle" : 
               {
                  "center" : 0,
                  "radius" : 0.4195747375488281
               },
               "density" : 1,
               "friction" : 0.2,
               "name" : "fixture1"
            }
         ],
         "linearDamping" : 10.0,
         "linearVelocity" : 0,
         "massData-I" : 0.04868074506521225,
         "massData-mass" : 0.5530552864074707,
         "name" : "sliderknob",
         "position" : 
         {
            "x" : -1.433980703353882,
            "y" : 4.480055332183838
         },
         "type" : 2
      },
      
      {
         "angle" : 0,
         "angularDamping" : 10.0,
         "angularVelocity" : 0,
         "awake" : true,
         "fixture" : 
         [
            
            {
               "circle" : 
               {
                  "center" : 0,
                  "radius" : 0.7595368623733521
               },
               "density" : 1,
               "friction" : 0.2,
               "name" : "fixture0"
            }
         ],
         "linearVelocity" : 0,
         "massData-I" : 0.5227756500244141,
         "massData-mass" : 1.812373161315918,
         "name" : "dial2",
         "position" : 
         {
            "x" : 1,
            "y" : -1.0
         },
         "type" : 2
      },
      
      {
         "angle" : 0,
         "angularVelocity" : 0,
         "awake" : true,
         "fixture" : 
         [
            
            {
               "chain" : 
               {
                  "hasNextVertex" : true,
                  "hasPrevVertex" : true,
                  "nextVertex" : 
                  {
                     "x" : 4.268270969390869,
                     "y" : 0
                  },
                  "prevVertex" : 
                  {
                     "x" : -4.268270015716553,
                     "y" : 6.400000095367432
                  },
                  "vertices" : 
                  {
                     "x" : 
                     [
                        -4.268270969390869,
                        4.268270969390869,
                        4.268270015716553,
                        -4.268270015716553,
                        -4.268270969390869
                     ],
                     "y" : [ 0.0, 0.0, 6.400000095367432, 6.400000095367432, 0.0 ]
                  }
               },
               "filter-categoryBits" : 0,
               "filter-maskBits" : 0,
               "name" : "4x3 (iPad)",
               "sensor" : true
            },
            
            {
               "chain" : 
               {
                  "hasNextVertex" : true,
                  "hasPrevVertex" : true,
                  "nextVertex" : 
                  {
                     "x" : 5.683053970336914,
                     "y" : 0
                  },
                  "prevVertex" : 
                  {
                     "x" : -5.683050155639648,
                     "y" : 6.400000095367432
                  },
                  "vertices" : 
                  {
                     "x" : 
                     [
                        -5.683053970336914,
                        5.683053970336914,
                        5.683050155639648,
                        -5.683050155639648,
                        -5.683053970336914
                     ],
                     "y" : [ 0.0, 0.0, 6.400000095367432, 6.400000095367432, 0.0 ]
                  }
               },
               "filter-categoryBits" : 0,
               "filter-maskBits" : 0,
               "name" : "16x9 (iPhone5)",
               "sensor" : true
            },
            
            {
               "chain" : 
               {
                  "hasNextVertex" : true,
                  "hasPrevVertex" : true,
                  "nextVertex" : 
                  {
                     "x" : 4.802571296691895,
                     "y" : 0
                  },
                  "prevVertex" : 
                  {
                     "x" : -4.802569866180420,
                     "y" : 6.400000095367432
                  },
                  "vertices" : 
                  {
                     "x" : 
                     [
                        -4.802571296691895,
                        4.802571296691895,
                        4.802569866180420,
                        -4.802569866180420,
                        -4.802571296691895
                     ],
                     "y" : [ 0.0, 0.0, 6.400000095367432, 6.400000095367432, 0.0 ]
                  }
               },
               "filter-categoryBits" : 0,
               "filter-maskBits" : 0,
               "name" : "3x2 (iPhone)",
               "sensor" : true
            }
         ],
         "linearVelocity" : 0,
         "name" : "background",
         "position" : 0,
         "type" : 0
      }
   ],
   "collisionbitplanes" : 
   {
      "names" : 
      [
         "bitplane1",
         "bitplane2",
         "bitplane3",
         "bitplane4",
         "bitplane5",
         "bitplane6",
         "bitplane7",
         "bitplane8",
         "bitplane9",
         "bitplane10",
         "bitplane11",
         "bitplane12",
         "bitplane13",
         "bitplane14",
         "bitplane15",
         "bitplane16",
         "bitplane17",
         "bitplane18",
         "bitplane19",
         "bitplane20",
         "bitplane21",
         "bitplane22",
         "bitplane23",
         "bitplane24",
         "bitplane25",
         "bitplane26",
         "bitplane27",
         "bitplane28",
         "bitplane29",
         "bitplane30",
         "bitplane31",
         "bitplane32"
      ]
   },
   "continuousPhysics" : true,
   "gravity" : 
   {
      "x" : 0,
      "y" : -10.0
   },
   "image" : 
   [
      
      {
         "body" : -1,
         "center" : 
         {
            "x" : 0.2997274398803711,
            "y" : 4.482168674468994
         },
         "corners" : 
         {
            "x" : 
            [
               -1.715948820114136,
               2.315403699874878,
               2.315403699874878,
               -1.715948820114136
            ],
            "y" : 
            [
               4.230209350585938,
               4.230209350585938,
               4.734127998352051,
               4.734127998352051
            ]
         },
         "file" : "images/sliderGroove.png",
         "filter" : 1,
         "glDrawElements" : [ 0, 1, 2, 2, 3, 0 ],
         "glTexCoordPointer" : [ 0.0, 0.0, 1.0, 0.0, 1.0, 1.0, 0.0, 1.0 ],
         "glVertexPointer" : 
         [
            -1.715948820114136,
            4.230209350585938,
            2.315403699874878,
            4.230209350585938,
            2.315403699874878,
            4.734127998352051,
            -1.715948820114136,
            4.734127998352051
         ],
         "name" : "image2",
         "opacity" : 1,
         "scale" : 0.5039190649986267
      },
      
      {
         "body" : -1,
         "center" : 
         {
            "x" : -2.0,
            "y" : 2.03860616683960
         },
         "corners" : 
         {
            "x" : [ -3.0, -1.0, -1.0, -3.0 ],
            "y" : 
            [
               1.03860616683960,
               1.03860616683960,
               3.03860616683960,
               3.03860616683960
            ]
         },
         "file" : "images/dial_stationaryPart.png",
         "filter" : 1,
         "glDrawElements" : [ 0, 1, 2, 2, 3, 0 ],
         "glTexCoordPointer" : [ 0.0, 0.0, 1.0, 0.0, 1.0, 1.0, 0.0, 1.0 ],
         "glVertexPointer" : 
         [
            -3.0,
            1.03860616683960,
            -1.0,
            1.03860616683960,
            -1.0,
            3.03860616683960,
            -3.0,
            3.03860616683960
         ],
         "name" : "image1",
         "opacity" : 1,
         "scale" : 2.0
      },
      
      {
         "body" : -1,
         "center" : 
         {
            "x" : 6.977900028228760,
            "y" : 2.785571575164795
         },
         "corners" : 
         {
            "x" : 
            [
               6.277900218963623,
               7.677899837493896,
               7.677899837493896,
               6.277900218963623
            ],
            "y" : 
            [
               2.085571527481079,
               2.085571527481079,
               3.485571622848511,
               3.485571622848511
            ]
         },
         "file" : "images/greencircle.png",
         "filter" : 1,
         "glDrawElements" : [ 0, 1, 2, 2, 3, 0 ],
         "glTexCoordPointer" : [ 0.0, 0.0, 1.0, 0.0, 1.0, 1.0, 0.0, 1.0 ],
         "glVertexPointer" : 
         [
            6.277900218963623,
            2.085571527481079,
            7.677899837493896,
            2.085571527481079,
            7.677899837493896,
            3.485571622848511,
            6.277900218963623,
            3.485571622848511
         ],
         "name" : "drawerbtn_hover",
         "opacity" : 1,
         "scale" : 1.399999976158142
      },
      
      {
         "body" : -1,
         "center" : 
         {
            "x" : -3.542360782623291,
            "y" : 7.385536193847656
         },
         "corners" : 
         {
            "x" : 
            [
               -4.242360591888428,
               -2.842360734939575,
               -2.842360734939575,
               -4.242360591888428
            ],
            "y" : 
            [
               6.685536384582520,
               6.685536384582520,
               8.085536003112793,
               8.085536003112793
            ]
         },
         "file" : "images/greencircle.png",
         "filter" : 1,
         "glDrawElements" : [ 0, 1, 2, 2, 3, 0 ],
         "glTexCoordPointer" : [ 0.0, 0.0, 1.0, 0.0, 1.0, 1.0, 0.0, 1.0 ],
         "glVertexPointer" : 
         [
            -4.242360591888428,
            6.685536384582520,
            -2.842360734939575,
            6.685536384582520,
            -2.842360734939575,
            8.085536003112793,
            -4.242360591888428,
            8.085536003112793
         ],
         "name" : "backbtn_hover",
         "opacity" : 1,
         "scale" : 1.399999976158142
      },
      
      {
         "body" : 3,
         "center" : 
         {
            "x" : 0,
            "y" : -1.0
         },
         "corners" : 
         {
            "x" : 
            [
               -2.019999980926514,
               2.019999980926514,
               2.019999980926514,
               -2.019999980926514
            ],
            "y" : [ -2.0, -2.0, 0.0, 0.0 ]
         },
         "file" : "images/planetcute-wood.png",
         "filter" : 1,
         "glDrawElements" : [ 0, 1, 2, 2, 3, 0 ],
         "glTexCoordPointer" : [ 0.0, 0.0, 1.0, 0.0, 1.0, 1.0, 0.0, 1.0 ],
         "glVertexPointer" : 
         [
            -2.019999980926514,
            -2.0,
            2.019999980926514,
            -2.0,
            2.019999980926514,
            0.0,
            -2.019999980926514,
            0.0
         ],
         "name" : "btn1",
         "opacity" : 1,
         "renderOrder" : 10.0,
         "scale" : 2.0
      },
      
      {
         "body" : 5,
         "center" : 
         {
            "x" : 0.04906940460205078,
            "y" : -0.03578615188598633
         },
         "corners" : 
         {
            "x" : 
            [
               -0.2244611680507660,
               0.3225999772548676,
               0.3225999772548676,
               -0.2244611680507660
            ],
            "y" : 
            [
               -0.3093167245388031,
               -0.3093167245388031,
               0.2377444207668304,
               0.2377444207668304
            ]
         },
         "file" : "images/pball.png",
         "filter" : 1,
         "glDrawElements" : [ 0, 1, 2, 2, 3, 0 ],
         "glTexCoordPointer" : [ 0.0, 0.0, 1.0, 0.0, 1.0, 1.0, 0.0, 1.0 ],
         "glVertexPointer" : 
         [
            -0.2244611680507660,
            -0.3093167245388031,
            0.3225999772548676,
            -0.3093167245388031,
            0.3225999772548676,
            0.2377444207668304,
            -0.2244611680507660,
            0.2377444207668304
         ],
         "name" : "image3",
         "opacity" : 1,
         "renderOrder" : 10.0,
         "scale" : 0.5470611453056335
      },
      
      {
         "body" : 3,
         "center" : 
         {
            "x" : -1.0,
            "y" : -1.0
         },
         "corners" : 
         {
            "x" : 
            [
               -1.600000023841858,
               -0.3999999761581421,
               -0.3999999761581421,
               -1.600000023841858
            ],
            "y" : 
            [
               -1.600000023841858,
               -1.600000023841858,
               -0.3999999761581421,
               -0.3999999761581421
            ]
         },
         "file" : "images/dial_stationaryPart.png",
         "filter" : 1,
         "glDrawElements" : [ 0, 1, 2, 2, 3, 0 ],
         "glTexCoordPointer" : [ 0.0, 0.0, 1.0, 0.0, 1.0, 1.0, 0.0, 1.0 ],
         "glVertexPointer" : 
         [
            -1.600000023841858,
            -1.600000023841858,
            -0.3999999761581421,
            -1.600000023841858,
            -0.3999999761581421,
            -0.3999999761581421,
            -1.600000023841858,
            -0.3999999761581421
         ],
         "name" : "image1",
         "opacity" : 1,
         "renderOrder" : 15.0,
         "scale" : 1.200000047683716
      },
      
      {
         "body" : 3,
         "center" : 
         {
            "x" : 1,
            "y" : -1.0
         },
         "corners" : 
         {
            "x" : 
            [
               0.3999999761581421,
               1.600000023841858,
               1.600000023841858,
               0.3999999761581421
            ],
            "y" : 
            [
               -1.600000023841858,
               -1.600000023841858,
               -0.3999999761581421,
               -0.3999999761581421
            ]
         },
         "file" : "images/dial_stationaryPart.png",
         "filter" : 1,
         "glDrawElements" : [ 0, 1, 2, 2, 3, 0 ],
         "glTexCoordPointer" : [ 0.0, 0.0, 1.0, 0.0, 1.0, 1.0, 0.0, 1.0 ],
         "glVertexPointer" : 
         [
            0.3999999761581421,
            -1.600000023841858,
            1.600000023841858,
            -1.600000023841858,
            1.600000023841858,
            -0.3999999761581421,
            0.3999999761581421,
            -0.3999999761581421
         ],
         "name" : "image1",
         "opacity" : 1,
         "renderOrder" : 15.0,
         "scale" : 1.200000047683716
      },
      
      {
         "body" : 2,
         "center" : 0,
         "corners" : 
         {
            "x" : 
            [
               -0.6186106801033020,
               0.6186106801033020,
               0.6186106801033020,
               -0.6186106801033020
            ],
            "y" : 
            [
               -0.6076294779777527,
               -0.6076294779777527,
               0.6076294779777527,
               0.6076294779777527
            ]
         },
         "file" : "images/dial_movingPart.png",
         "filter" : 1,
         "glDrawElements" : [ 0, 1, 2, 2, 3, 0 ],
         "glTexCoordPointer" : [ 0.0, 0.0, 1.0, 0.0, 1.0, 1.0, 0.0, 1.0 ],
         "glVertexPointer" : 
         [
            -0.6186106801033020,
            -0.6076294779777527,
            0.6186106801033020,
            -0.6076294779777527,
            0.6186106801033020,
            0.6076294779777527,
            -0.6186106801033020,
            0.6076294779777527
         ],
         "name" : "image0",
         "opacity" : 1,
         "renderOrder" : 20.0,
         "scale" : 1.215258955955505
      },
      
      {
         "body" : 1,
         "center" : 0,
         "corners" : 
         {
            "x" : 
            [
               -1.103302717208862,
               1.103302717208862,
               1.103302717208862,
               -1.103302717208862
            ],
            "y" : 
            [
               -1.083717465400696,
               -1.083717465400696,
               1.083717465400696,
               1.083717465400696
            ]
         },
         "file" : "images/dial_movingPart.png",
         "filter" : 1,
         "glDrawElements" : [ 0, 1, 2, 2, 3, 0 ],
         "glTexCoordPointer" : [ 0.0, 0.0, 1.0, 0.0, 1.0, 1.0, 0.0, 1.0 ],
         "glVertexPointer" : 
         [
            -1.103302717208862,
            -1.083717465400696,
            1.103302717208862,
            -1.083717465400696,
            1.103302717208862,
            1.083717465400696,
            -1.103302717208862,
            1.083717465400696
         ],
         "name" : "image0",
         "opacity" : 1,
         "renderOrder" : 20.0,
         "scale" : 2.167434930801392
      },
      
      {
         "body" : 6,
         "center" : 0,
         "corners" : 
         {
            "x" : 
            [
               -0.6186106801033020,
               0.6186106801033020,
               0.6186106801033020,
               -0.6186106801033020
            ],
            "y" : 
            [
               -0.6076294779777527,
               -0.6076294779777527,
               0.6076294779777527,
               0.6076294779777527
            ]
         },
         "file" : "images/dial_movingPart.png",
         "filter" : 1,
         "glDrawElements" : [ 0, 1, 2, 2, 3, 0 ],
         "glTexCoordPointer" : [ 0.0, 0.0, 1.0, 0.0, 1.0, 1.0, 0.0, 1.0 ],
         "glVertexPointer" : 
         [
            -0.6186106801033020,
            -0.6076294779777527,
            0.6186106801033020,
            -0.6076294779777527,
            0.6186106801033020,
            0.6076294779777527,
            -0.6186106801033020,
            0.6076294779777527
         ],
         "name" : "image0",
         "opacity" : 1,
         "renderOrder" : 20.0,
         "scale" : 1.215258955955505
      },
      
      {
         "body" : 4,
         "center" : 0,
         "corners" : 
         {
            "x" : 
            [
               -0.6999999880790710,
               0.6999999880790710,
               0.6999999880790710,
               -0.6999999880790710
            ],
            "y" : 
            [
               -0.6999999880790710,
               -0.6999999880790710,
               0.6999999880790710,
               0.6999999880790710
            ]
         },
         "file" : "images/redcircle.png",
         "filter" : 1,
         "glDrawElements" : [ 0, 1, 2, 2, 3, 0 ],
         "glTexCoordPointer" : [ 0.0, 0.0, 1.0, 0.0, 1.0, 1.0, 0.0, 1.0 ],
         "glVertexPointer" : 
         [
            -0.6999999880790710,
            -0.6999999880790710,
            0.6999999880790710,
            -0.6999999880790710,
            0.6999999880790710,
            0.6999999880790710,
            -0.6999999880790710,
            0.6999999880790710
         ],
         "name" : "drawerbtn",
         "opacity" : 1,
         "renderOrder" : 400.0,
         "scale" : 1.399999976158142
      },
      
      {
         "body" : 0,
         "center" : 0,
         "corners" : 
         {
            "x" : 
            [
               -0.4444364905357361,
               0.4444364905357361,
               0.4444364905357361,
               -0.4444364905357361
            ],
            "y" : 
            [
               -0.4444364905357361,
               -0.4444364905357361,
               0.4444364905357361,
               0.4444364905357361
            ]
         },
         "file" : "images/redcircle.png",
         "filter" : 1,
         "glDrawElements" : [ 0, 1, 2, 2, 3, 0 ],
         "glTexCoordPointer" : [ 0.0, 0.0, 1.0, 0.0, 1.0, 1.0, 0.0, 1.0 ],
         "glVertexPointer" : 
         [
            -0.4444364905357361,
            -0.4444364905357361,
            0.4444364905357361,
            -0.4444364905357361,
            0.4444364905357361,
            0.4444364905357361,
            -0.4444364905357361,
            0.4444364905357361
         ],
         "name" : "backbtn",
         "opacity" : 1,
         "renderOrder" : 400.0,
         "scale" : 0.8888729810714722
      }
   ],
   "joint" : 
   [
      
      {
         "anchorA" : 
         {
            "x" : -2.0,
            "y" : 2.0
         },
         "anchorB" : 0,
         "bodyA" : 7,
         "bodyB" : 1,
         "enableLimit" : true,
         "enableMotor" : false,
         "jointSpeed" : 0,
         "lowerLimit" : -5.759586334228516,
         "maxMotorTorque" : 0,
         "motorSpeed" : 0,
         "name" : "dial",
         "refAngle" : 0,
         "type" : "revolute",
         "upperLimit" : 0
      },
      
      {
         "anchorA" : 
         {
            "x" : 1,
            "y" : -1.0
         },
         "anchorB" : 0,
         "bodyA" : 3,
         "bodyB" : 2,
         "enableLimit" : true,
         "enableMotor" : false,
         "jointSpeed" : 0,
         "lowerLimit" : -5.759586334228516,
         "maxMotorTorque" : 0,
         "motorSpeed" : 0,
         "name" : "dial3",
         "refAngle" : 0,
         "type" : "revolute",
         "upperLimit" : 0
      },
      
      {
         "anchorA" : 
         {
            "x" : -1.0,
            "y" : -1.0
         },
         "anchorB" : 0,
         "bodyA" : 3,
         "bodyB" : 6,
         "enableLimit" : true,
         "enableMotor" : false,
         "jointSpeed" : 0,
         "lowerLimit" : -5.759586334228516,
         "maxMotorTorque" : 0,
         "motorSpeed" : 0,
         "name" : "dial2",
         "refAngle" : 0,
         "type" : "revolute",
         "upperLimit" : 0
      },
      
      {
         "anchorA" : 
         {
            "x" : -1.432301640510559,
            "y" : 4.480060100555420
         },
         "anchorB" : 0,
         "bodyA" : 7,
         "bodyB" : 5,
         "enableLimit" : true,
         "enableMotor" : false,
         "localAxisA" : 
         {
            "x" : 1,
            "y" : 7.549790126404332e-08
         },
         "lowerLimit" : 0,
         "maxMotorForce" : 0,
         "motorSpeed" : 0,
         "name" : "slider",
         "refAngle" : 0,
         "type" : "prismatic",
         "upperLimit" : 3.433386802673340
      }
   ],
   "positionIterations" : 3,
   "stepsPerSecond" : 60.0,
   "subStepping" : false,
   "velocityIterations" : 8,
   "warmStarting" : true
}
